{"cameraMode":{"drawMode":0,"name":"Shaded","section":"Shading Mode"},"sceneLighting":true,"audioPlay":false,"sceneViewState":{"showFog":false,"showMaterialUpdate":false,"showSkybox":false,"showFlares":false,"showImageEffects":false,"showParticleSystems":false},"in2DMode":false,"pivot":{"x":57.65009307861328,"y":-44.89044952392578,"z":-4.843094825744629},"rotation":{"x":-0.19287076592445374,"y":-0.7640894055366516,"z":0.2626824676990509,"w":-0.5574736595153809},"size":98.76245880126953,"orthographic":false}